id;name;search_string_1;search_string_2
1;e-tailers cultivate Ball;Multi-tiered Djibouti;Metal Guarani primary
2;Credit;throughput parse;Health Secured purple
3;Chips instruction bandwidth;content;optimal
4;Rubber compressing;deposit;Missouri
5;HTTP;and Accountability;Agent Integration Configurable
6;bandwidth viral;Avon Computers Hawaii;adapter invoice
7;Mission transmit;repurpose Incredible protocol;reinvent invoice
8;Open-architected;Fully-configurable;Stand-alone application
9;Plastic Refined Chief;Licensed Frozen bandwidth;generate Consultant
10;relationships red;Wooden;Outdoors Avon
